{
  "__type__": "cc.SpriteFrame",
  "content": {
    "name": "yao_jiuweihu",
    "atlas": "",
    "rect": {
      "x": 31,
      "y": 1,
      "width": 314,
      "height": 259
    },
    "offset": {
      "x": 0,
      "y": 0
    },
    "originalSize": {
      "width": 376,
      "height": 261
    },
    "rotated": false,
    "capInsets": [
      0,
      0,
      0,
      0
    ],
    "vertices": {
      "rawPosition": [
        -157,
        -129.5,
        0,
        157,
        -129.5,
        0,
        -157,
        129.5,
        0,
        157,
        129.5,
        0
      ],
      "indexes": [
        0,
        1,
        2,
        2,
        1,
        3
      ],
      "uv": [
        31,
        260,
        345,
        260,
        31,
        1,
        345,
        1
      ],
      "nuv": [
        0.08244680851063829,
        0.0038314176245210726,
        0.9175531914893617,
        0.0038314176245210726,
        0.08244680851063829,
        0.9961685823754789,
        0.9175531914893617,
        0.9961685823754789
      ],
      "minPos": {
        "x": -157,
        "y": -129.5,
        "z": 0
      },
      "maxPos": {
        "x": 157,
        "y": 129.5,
        "z": 0
      }
    },
    "texture": "3a081567-10ab-4bf2-9884-712cb5609b82@6c48a",
    "packable": true,
    "pixelsToUnit": 100,
    "pivot": {
      "x": 0.5,
      "y": 0.5
    },
    "meshType": 0
  }
}