{
  "__type__": "cc.SpriteFrame",
  "content": {
    "name": "d33",
    "atlas": "",
    "rect": {
      "x": 6,
      "y": 6,
      "width": 530,
      "height": 310
    },
    "offset": {
      "x": 0.5,
      "y": -0.5
    },
    "originalSize": {
      "width": 541,
      "height": 321
    },
    "rotated": false,
    "capInsets": [
      0,
      0,
      0,
      0
    ],
    "vertices": {
      "rawPosition": [
        -265,
        -155,
        0,
        265,
        -155,
        0,
        -265,
        155,
        0,
        265,
        155,
        0
      ],
      "indexes": [
        0,
        1,
        2,
        2,
        1,
        3
      ],
      "uv": [
        6,
        315,
        536,
        315,
        6,
        5,
        536,
        5
      ],
      "nuv": [
        0.011090573012939002,
        0.01557632398753894,
        0.9907578558225508,
        0.01557632398753894,
        0.011090573012939002,
        0.9813084112149533,
        0.9907578558225508,
        0.9813084112149533
      ],
      "minPos": {
        "x": -265,
        "y": -155,
        "z": 0
      },
      "maxPos": {
        "x": 265,
        "y": 155,
        "z": 0
      }
    },
    "texture": "13013a4a-2349-424b-89d9-d1d19ea9f305@6c48a",
    "packable": true,
    "pixelsToUnit": 100,
    "pivot": {
      "x": 0.5,
      "y": 0.5
    },
    "meshType": 0
  }
}