{
  "__type__": "cc.SpriteFrame",
  "content": {
    "name": "yao_chiyanshou",
    "atlas": "",
    "rect": {
      "x": 1,
      "y": 6,
      "width": 374,
      "height": 248
    },
    "offset": {
      "x": 0,
      "y": 0.5
    },
    "originalSize": {
      "width": 376,
      "height": 261
    },
    "rotated": false,
    "capInsets": [
      0,
      0,
      0,
      0
    ],
    "vertices": {
      "rawPosition": [
        -187,
        -124,
        0,
        187,
        -124,
        0,
        -187,
        124,
        0,
        187,
        124,
        0
      ],
      "indexes": [
        0,
        1,
        2,
        2,
        1,
        3
      ],
      "uv": [
        1,
        255,
        375,
        255,
        1,
        7,
        375,
        7
      ],
      "nuv": [
        0.0026595744680851063,
        0.02681992337164751,
        0.9973404255319149,
        0.02681992337164751,
        0.0026595744680851063,
        0.9770114942528736,
        0.9973404255319149,
        0.9770114942528736
      ],
      "minPos": {
        "x": -187,
        "y": -124,
        "z": 0
      },
      "maxPos": {
        "x": 187,
        "y": 124,
        "z": 0
      }
    },
    "texture": "8fb33bf2-6b70-41d3-a6d0-ac3b45e6d79b@6c48a",
    "packable": true,
    "pixelsToUnit": 100,
    "pivot": {
      "x": 0.5,
      "y": 0.5
    },
    "meshType": 0
  }
}