{
  "__type__": "cc.SpriteFrame",
  "content": {
    "name": "coin",
    "atlas": "",
    "rect": {
      "x": 0,
      "y": 0,
      "width": 56,
      "height": 56
    },
    "offset": {
      "x": -0.5,
      "y": 0.5
    },
    "originalSize": {
      "width": 57,
      "height": 57
    },
    "rotated": false,
    "capInsets": [
      0,
      0,
      0,
      0
    ],
    "vertices": {
      "rawPosition": [
        -28,
        -28,
        0,
        28,
        -28,
        0,
        -28,
        28,
        0,
        28,
        28,
        0
      ],
      "indexes": [
        0,
        1,
        2,
        2,
        1,
        3
      ],
      "uv": [
        0,
        57,
        56,
        57,
        0,
        1,
        56,
        1
      ],
      "nuv": [
        0,
        0.017543859649122806,
        0.9824561403508771,
        0.017543859649122806,
        0,
        1,
        0.9824561403508771,
        1
      ],
      "minPos": {
        "x": -28,
        "y": -28,
        "z": 0
      },
      "maxPos": {
        "x": 28,
        "y": 28,
        "z": 0
      }
    },
    "texture": "269e1231-e25d-4c97-97fe-2b0e3a0a9d04@6c48a",
    "packable": true,
    "pixelsToUnit": 100,
    "pivot": {
      "x": 0.5,
      "y": 0.5
    },
    "meshType": 0
  }
}