{
  "__type__": "cc.SpriteFrame",
  "content": {
    "name": "d22",
    "atlas": "",
    "rect": {
      "x": 0,
      "y": 3,
      "width": 911,
      "height": 508
    },
    "offset": {
      "x": 0,
      "y": -1.5
    },
    "originalSize": {
      "width": 911,
      "height": 511
    },
    "rotated": false,
    "capInsets": [
      0,
      0,
      0,
      0
    ],
    "vertices": {
      "rawPosition": [
        -455.5,
        -254,
        0,
        455.5,
        -254,
        0,
        -455.5,
        254,
        0,
        455.5,
        254,
        0
      ],
      "indexes": [
        0,
        1,
        2,
        2,
        1,
        3
      ],
      "uv": [
        0,
        508,
        911,
        508,
        0,
        0,
        911,
        0
      ],
      "nuv": [
        0,
        0,
        1,
        0,
        0,
        0.9941291585127201,
        1,
        0.9941291585127201
      ],
      "minPos": {
        "x": -455.5,
        "y": -254,
        "z": 0
      },
      "maxPos": {
        "x": 455.5,
        "y": 254,
        "z": 0
      }
    },
    "texture": "5f60cdf8-0a9c-4acd-80a7-c2ef35fa1c98@6c48a",
    "packable": true,
    "pixelsToUnit": 100,
    "pivot": {
      "x": 0.5,
      "y": 0.5
    },
    "meshType": 0
  }
}