{
  "__type__": "cc.SpriteFrame",
  "content": {
    "name": "d11",
    "atlas": "",
    "rect": {
      "x": 6,
      "y": 8,
      "width": 608,
      "height": 508
    },
    "offset": {
      "x": 0.5,
      "y": -1.5
    },
    "originalSize": {
      "width": 619,
      "height": 521
    },
    "rotated": false,
    "capInsets": [
      0,
      0,
      0,
      0
    ],
    "vertices": {
      "rawPosition": [
        -304,
        -254,
        0,
        304,
        -254,
        0,
        -304,
        254,
        0,
        304,
        254,
        0
      ],
      "indexes": [
        0,
        1,
        2,
        2,
        1,
        3
      ],
      "uv": [
        6,
        513,
        614,
        513,
        6,
        5,
        614,
        5
      ],
      "nuv": [
        0.009693053311793215,
        0.009596928982725527,
        0.9919224555735057,
        0.009596928982725527,
        0.009693053311793215,
        0.9846449136276392,
        0.9919224555735057,
        0.9846449136276392
      ],
      "minPos": {
        "x": -304,
        "y": -254,
        "z": 0
      },
      "maxPos": {
        "x": 304,
        "y": 254,
        "z": 0
      }
    },
    "texture": "3152068e-207b-46fd-bdc3-b772c4a3b18f@6c48a",
    "packable": true,
    "pixelsToUnit": 100,
    "pivot": {
      "x": 0.5,
      "y": 0.5
    },
    "meshType": 0
  }
}